Workbook

Sheet ANÁLISE COHORT
A1: Order ID | B1: Order Date | C1: Customer ID | D1: Primeira Compra | E1: Meses decorridos | F1: Meses/Ano | I1: Análise Cohort | J1: Primeira Compra
A2: CA-2014-128055 | B2: 41729 | C2: AA-10315 | D2: =VLOOKUP(C2,Planilha1!$A$1:$B$795,2,FALSE) -> 41729 | E2: =(YEAR(B2)-YEAR(D2))*12 + MONTH(B2)-MONTH(D2) -> 0 | F2: =TEXT(D:D,"AAAA-MM") -> 2014-03 | I2: Meses / Anos | J2: 0 | K2: 1 | L2: 2 | M2: 3 | N2: 4 | O2: 5 | P2: 6 | Q2: 7 | R2: 8 | S2: 9 | T2: 10 | U2: 11 | V2: 12
A3: CA-2014-128055 | B3: 41729 | C3: AA-10315 | D3: =VLOOKUP(C3,Planilha1!$A$1:$B$795,2,FALSE) -> 41729 | E3: =(YEAR(B3)-YEAR(D3))*12 + MONTH(B3)-MONTH(D3) -> 0 | F3: =TEXT(D:D,"AAAA-MM") -> 2014-03 | I3: 2014-01 | J3: 1 | K3: 0.063291139 | L3: 0 | M3: 0.075949367 | N3: 0.025316456 | O3: 0 | P3: 0.025316456 | Q3: 0.13924051 | R3: 0.11392405 | S3: 0.037974684 | T3: 0.2278481 | U3: 0.13924051 | V3: 0.075949367
A4: CA-2014-138100 | B4: 41897 | C4: AA-10315 | D4: =VLOOKUP(C4,Planilha1!$A$1:$B$795,2,FALSE) -> 41729 | E4: =(YEAR(B4)-YEAR(D4))*12 + MONTH(B4)-MONTH(D4) -> 6 | F4: =TEXT(D:D,"AAAA-MM") -> 2014-03 | I4: 2014-02 | J4: 1 | K4: 0.24390244 | L4: 0.097560976 | M4: 0.073170732 | N4: 0 | O4: 0.14634146 | P4: 0.097560976 | Q4: 0.17073171 | R4: 0.14634146 | S4: 0.3902439 | T4: 0.19512195 | U4: 0.024390244 | V4: 0
A5: CA-2014-138100 | B5: 41897 | C5: AA-10315 | D5: =VLOOKUP(C5,Planilha1!$A$1:$B$795,2,FALSE) -> 41729 | E5: =(YEAR(B5)-YEAR(D5))*12 + MONTH(B5)-MONTH(D5) -> 6 | F5: =TEXT(D:D,"AAAA-MM") -> 2014-03 | I5: 2014-03 | J5: 1 | K5: 0.095238095 | L5: 0.027210884 | M5: 0.14285714 | N5: 0.11564626 | O5: 0 | P5: 0.12244898 | Q5: 0.06122449 | R5: 0.14285714 | S5: 0.054421769 | T5: 0.027210884 | U5: 0.020408163 | V5: 0.081632653
A6: CA-2015-121391 | B6: 42281 | C6: AA-10315 | D6: =VLOOKUP(C6,Planilha1!$A$1:$B$795,2,FALSE) -> 41729 | E6: =(YEAR(B6)-YEAR(D6))*12 + MONTH(B6)-MONTH(D6) -> 19 | F6: =TEXT(D:D,"AAAA-MM") -> 2014-03 | I6: 2014-04 | J6: 1 | K6: 0.12612613 | L6: 0.072072072 | M6: 0.099099099 | N6: 0.045045045 | O6: 0.16216216 | P6: 0.099099099 | Q6: 0.21621622 | R6: 0.15315315 | S6: 0.009009009 | T6: 0.10810811 | U6: 0.054054054 | V6: 0.22522523
A7: CA-2016-103982 | B7: 42432 | C7: AA-10315 | D7: =VLOOKUP(C7,Planilha1!$A$1:$B$795,2,FALSE) -> 41729 | E7: =(YEAR(B7)-YEAR(D7))*12 + MONTH(B7)-MONTH(D7) -> 24 | F7: =TEXT(D:D,"AAAA-MM") -> 2014-03 | I7: 2014-05 | J7: 1 | K7: 0.080808081 | L7: 0.1010101 | M7: 0.070707071 | N7: 0.3030303 | O7: 0.04040404 | P7: 0.23232323 | Q7: 0.26262626 | R7: 0.11111111 | S7: 0.04040404 | T7: 0.050505051 | U7: 0.16161616 | V7: 0.050505051
A8: CA-2016-103982 | B8: 42432 | C8: AA-10315 | D8: =VLOOKUP(C8,Planilha1!$A$1:$B$795,2,FALSE) -> 41729 | E8: =(YEAR(B8)-YEAR(D8))*12 + MONTH(B8)-MONTH(D8) -> 24 | F8: =TEXT(D:D,"AAAA-MM") -> 2014-03 | I8: 2014-06 | J8: 1 | K8: 0.010204082 | L8: 0.020408163 | M8: 0.051020408 | N8: 0.020408163 | O8: 0.20408163 | P8: 0.20408163 | Q8: 0.020408163 | R8: 0.06122449 | S8: 0.071428571 | T8: 0.17346939 | U8: 0.12244898 | V8: 0.030612245
A9: CA-2016-103982 | B9: 42432 | C9: AA-10315 | D9: =VLOOKUP(C9,Planilha1!$A$1:$B$795,2,FALSE) -> 41729 | E9: =(YEAR(B9)-YEAR(D9))*12 + MONTH(B9)-MONTH(D9) -> 24 | F9: =TEXT(D:D,"AAAA-MM") -> 2014-03 | I9: 2014-07 | J9: 1 | K9: 0.13541667 | L9: 0.125 | M9: 0 | N9: 0.11458333 | O9: 0.16666667 | P9: 0.052083333 | Q9: 0 | R9: 0.17708333 | S9: 0.03125 | T9: 0.14583333 | U9: 0.072916667 | V9: 0.13541667
A10: CA-2016-103982 | B10: 42432 | C10: AA-10315 | D10: =VLOOKUP(C10,Planilha1!$A$1:$B$795,2,FALSE) -> 41729 | E10: =(YEAR(B10)-YEAR(D10))*12 + MONTH(B10)-MONTH(D10) -> 24 | F10: =TEXT(D:D,"AAAA-MM") -> 2014-03 | I10: 2014-08 | J10: 1 | K10: 0.20720721 | L10: 0.036036036 | M10: 0.20720721 | N10: 0.10810811 | O10: 0.045045045 | P10: 0.099099099 | Q10: 0.054054054 | R10: 0.045045045 | S10: 0.081081081 | T10: 0.10810811 | U10: 0.09009009 | V10: 0.045045045
A11: CA-2017-147039 | B11: 42915 | C11: AA-10315 | D11: =VLOOKUP(C11,Planilha1!$A$1:$B$795,2,FALSE) -> 41729 | E11: =(YEAR(B11)-YEAR(D11))*12 + MONTH(B11)-MONTH(D11) -> 39 | F11: =TEXT(D:D,"AAAA-MM") -> 2014-03 | I11: 2014-09 | J11: 1 | K11: 0.10273973 | L11: 0.13013699 | M11: 0.19863014 | N11: 0.01369863 | O11: 0.020547945 | P11: 0.089041096 | Q11: 0.12328767 | R11: 0.11643836 | S11: 0.01369863 | T11: 0.061643836 | U11: 0.10273973 | V11: 0.15068493
A12: CA-2017-147039 | B12: 42915 | C12: AA-10315 | D12: =VLOOKUP(C12,Planilha1!$A$1:$B$795,2,FALSE) -> 41729 | E12: =(YEAR(B12)-YEAR(D12))*12 + MONTH(B12)-MONTH(D12) -> 39 | F12: =TEXT(D:D,"AAAA-MM") -> 2014-03 | I12: 2014-10 | J12: 1 | K12: 0.095238095 | L12: 0.076190476 | M12: 0.0095238095 | N12: 0.047619048 | O12: 0.085714286 | P12: 0.1047619 | Q12: 0.047619048 | R12: 0.095238095 | S12: 0.085714286 | T12: 0.076190476 | U12: 0.21904762 | V12: 0.057142857
A13: CA-2014-158064 | B13: 41750 | C13: AA-10375 | D13: =VLOOKUP(C13,Planilha1!$A$1:$B$795,2,FALSE) -> 41750 | E13: =(YEAR(B13)-YEAR(D13))*12 + MONTH(B13)-MONTH(D13) -> 0 | F13: =TEXT(D:D,"AAAA-MM") -> 2014-04 | I13: 2014-11 | J13: 1 | K13: 0.18796992 | L13: 0 | M13: 0.022556391 | N13: 0.12030075 | O13: 0.045112782 | P13: 0.030075188 | Q13: 0.090225564 | R13: 0.097744361 | S13: 0.090225564 | T13: 0.16541353 | U13: 0.067669173 | V13: 0.18045113
... A44: CA-2014-143210 | B44: 41974 | C44: AA-10645 | D44: =VLOOKUP(C44,Planilha1!$A$1:$B$795,2,FALSE) -> 41812 | E44: =(YEAR(B44)-YEAR(D44))*12 + MONTH(B44)-MONTH(D44) -> 6 | F44: =TEXT(D:D,"AAAA-MM") -> 2014-06 | I44: 2017-11 | J44: 1 | K44: 0 | L44: 0 | M44: 0 | N44: 0 | O44: 0 | P44: 0 | Q44: 0 | R44: 0 | S44: 0 | T44: 0 | U44: 0 | V44: 0
A45: CA-2014-143210 | B45: 41974 | C45: AA-10645 | D45: =VLOOKUP(C45,Planilha1!$A$1:$B$795,2,FALSE) -> 41812 | E45: =(YEAR(B45)-YEAR(D45))*12 + MONTH(B45)-MONTH(D45) -> 6 | F45: =TEXT(D:D,"AAAA-MM") -> 2014-06
A46: CA-2015-110863 | B46: 42325 | C46: AA-10645 | D46: =VLOOKUP(C46,Planilha1!$A$1:$B$795,2,FALSE) -> 41812 | E46: =(YEAR(B46)-YEAR(D46))*12 + MONTH(B46)-MONTH(D46) -> 17 | F46: =TEXT(D:D,"AAAA-MM") -> 2014-06
A47: CA-2015-110863 | B47: 42325 | C47: AA-10645 | D47: =VLOOKUP(C47,Planilha1!$A$1:$B$795,2,FALSE) -> 41812 | E47: =(YEAR(B47)-YEAR(D47))*12 + MONTH(B47)-MONTH(D47) -> 17 | F47: =TEXT(D:D,"AAAA-MM") -> 2014-06
A48: CA-2015-110863 | B48: 42325 | C48: AA-10645 | D48: =VLOOKUP(C48,Planilha1!$A$1:$B$795,2,FALSE) -> 41812 | E48: =(YEAR(B48)-YEAR(D48))*12 + MONTH(B48)-MONTH(D48) -> 17 | F48: =TEXT(D:D,"AAAA-MM") -> 2014-06
A49: CA-2016-147137 | B49: 42555 | C49: AA-10645 | D49: =VLOOKUP(C49,Planilha1!$A$1:$B$795,2,FALSE) -> 41812 | E49: =(YEAR(B49)-YEAR(D49))*12 + MONTH(B49)-MONTH(D49) -> 25 | F49: =TEXT(D:D,"AAAA-MM") -> 2014-06
A50: CA-2016-147137 | B50: 42555 | C50: AA-10645 | D50: =VLOOKUP(C50,Planilha1!$A$1:$B$795,2,FALSE) -> 41812 | E50: =(YEAR(B50)-YEAR(D50))*12 + MONTH(B50)-MONTH(D50) -> 25 | F50: =TEXT(D:D,"AAAA-MM") -> 2014-06
A51: CA-2016-147137 | B51: 42555 | C51: AA-10645 | D51: =VLOOKUP(C51,Planilha1!$A$1:$B$795,2,FALSE) -> 41812 | E51: =(YEAR(B51)-YEAR(D51))*12 + MONTH(B51)-MONTH(D51) -> 25 | F51: =TEXT(D:D,"AAAA-MM") -> 2014-06
A52: CA-2016-147137 | B52: 42555 | C52: AA-10645 | D52: =VLOOKUP(C52,Planilha1!$A$1:$B$795,2,FALSE) -> 41812 | E52: =(YEAR(B52)-YEAR(D52))*12 + MONTH(B52)-MONTH(D52) -> 25 | F52: =TEXT(D:D,"AAAA-MM") -> 2014-06
A53: CA-2016-131205 | B53: 42617 | C53: AA-10645 | D53: =VLOOKUP(C53,Planilha1!$A$1:$B$795,2,FALSE) -> 41812 | E53: =(YEAR(B53)-YEAR(D53))*12 + MONTH(B53)-MONTH(D53) -> 27 | F53: =TEXT(D:D,"AAAA-MM") -> 2014-06
A54: CA-2016-131205 | B54: 42617 | C54: AA-10645 | D54: =VLOOKUP(C54,Planilha1!$A$1:$B$795,2,FALSE) -> 41812 | E54: =(YEAR(B54)-YEAR(D54))*12 + MONTH(B54)-MONTH(D54) -> 27 | F54: =TEXT(D:D,"AAAA-MM") -> 2014-06
A55: CA-2016-131205 | B55: 42617 | C55: AA-10645 | D55: =VLOOKUP(C55,Planilha1!$A$1:$B$795,2,FALSE) -> 41812 | E55: =(YEAR(B55)-YEAR(D55))*12 + MONTH(B55)-MONTH(D55) -> 27 | F55: =TEXT(D:D,"AAAA-MM") -> 2014-06
A56: CA-2016-131205 | B56: 42617 | C56: AA-10645 | D56: =VLOOKUP(C56,Planilha1!$A$1:$B$795,2,FALSE) -> 41812 | E56: =(YEAR(B56)-YEAR(D56))*12 + MONTH(B56)-MONTH(D56) -> 27 | F56: =TEXT(D:D,"AAAA-MM") -> 2014-06
... A9995: CA-2017-141481 | B9995: 42897 | C9995: ZD-21925 | D9995: =VLOOKUP(C9995,Planilha1!$A$1:$B$795,2,FALSE) -> 41878 | E9995: =(YEAR(B9995)-YEAR(D9995))*12 + MONTH(B9995)-MONTH(D9995) -> 34 | F9995: =TEXT(D:D,"AAAA-MM") -> 2014-08

Sheet location
A1: Order ID | B1: Country | C1: City | D1: State | E1: Postal Code | F1: Region
A2: CA-2016-152156 | B2: United States | C2: Henderson | D2: Kentucky | E2: 42420 | F2: South
A3: CA-2016-138688 | B3: United States | C3: Los Angeles | D3: California | E3: 90036 | F3: West
A4: US-2015-108966 | B4: United States | C4: Fort Lauderdale | D4: Florida | E4: 33311 | F4: South
A5: CA-2014-115812 | B5: United States | C5: Los Angeles | D5: California | E5: 90032 | F5: West
A6: CA-2017-114412 | B6: United States | C6: Concord | D6: North Carolina | E6: 28027 | F6: South
A7: CA-2016-161389 | B7: United States | C7: Seattle | D7: Washington | E7: 98103 | F7: West
A8: US-2015-118983 | B8: United States | C8: Fort Worth | D8: Texas | E8: 76106 | F8: Central
A9: CA-2014-105893 | B9: United States | C9: Madison | D9: Wisconsin | E9: 53711 | F9: Central
A10: CA-2014-167164 | B10: United States | C10: West Jordan | D10: Utah | E10: 84084 | F10: West
A11: CA-2014-143336 | B11: United States | C11: San Francisco | D11: California | E11: 94109 | F11: West
A12: CA-2016-137330 | B12: United States | C12: Fremont | D12: Nebraska | E12: 68025 | F12: Central
A13: US-2017-156909 | B13: United States | C13: Philadelphia | D13: Pennsylvania | E13: 19140 | F13: East
... A5010: CA-2017-119914 | B5010: United States | C5010: Westminster | D5010: California | E5010: 92683 | F5010: West

Sheet ANÁLISE RFM
A1: Order ID | B1: Order Date | C1: Customer ID | D1: Sales | E1: Última Compra | F1: Recência | G1: Frequência | H1: Monetização | I1: NOTA R | J1: NOTA F | K1: NOTA M | L1: MEDIA F/M | M1: Classificação
A2: CA-2015-122259 | B2: 42308 | C2: AA-10315 | D2: 362.94 | E2: 42915 | F2: ="31/12/2017"-E2 -> 185 | G2: 11 | H2: 50904.84 | I2: =IF(F2<=90, 5,IF(F2<=180, 4,IF(F2<=270, 3,IF(F2<=365, 2, 1)))) -> 3 | J2: =IF(G2<=8,1, IF(G2<=16,2,IF(G2<=24,3,IF(G2<=32,4,IF(G2<=40,5))))) -> 2 | K2: =IF(H2<=50000,1,IF(H2<=100000,2,IF(H2<=150000,3,IF(H2<=200000,4,IF(H2<=250000,5))))) -> 2 | L2: =AVERAGE(J2,K2) -> 2 | M2: =IF(AND(I2>=3,L2>=3),"Campeões",IF(AND(I2>=3,L2<3),"Promissores", IF(AND(I2=2,L2>=3),"Leais","Inativos"))) -> Promissores | N2: Promissores | O2: =COUNTIF(M:M,"Promissores") -> 647
A3: CA-2015-101007 | B3: 42044 | C3: AA-10375 | D3: 167.68 | E3: 43080 | F3: ="31/12/2017"-E3 -> 20 | G3: 15 | H3: 1656.78 | I3: =IF(F3<=90, 5,IF(F3<=180, 4,IF(F3<=270, 3,IF(F3<=365, 2, 1)))) -> 5 | J3: =IF(G3<=8,1, IF(G3<=16,2,IF(G3<=24,3,IF(G3<=32,4,IF(G3<=40,5))))) -> 2 | K3: =IF(H3<=50000,1,IF(H3<=100000,2,IF(H3<=150000,3,IF(H3<=200000,4,IF(H3<=250000,5))))) -> 1 | L3: =AVERAGE(J3,K3) -> 1.5 | M3: =IF(AND(I3>=3,L3>=3),"Campeões",IF(AND(I3>=3,L3<3),"Promissores", IF(AND(I3=2,L3>=3),"Leais","Inativos"))) -> Promissores | N3: Inativos | O3: =COUNTIF(M:M,"Inativos") -> 136
A4: US-2015-108966 | B4: 42288 | C4: AA-10480 | D4: 155.52 | E4: 42840 | F4: ="31/12/2017"-E4 -> 260 | G4: 12 | H4: 1930.48 | I4: =IF(F4<=90, 5,IF(F4<=180, 4,IF(F4<=270, 3,IF(F4<=365, 2, 1)))) -> 3 | J4: =IF(G4<=8,1, IF(G4<=16,2,IF(G4<=24,3,IF(G4<=32,4,IF(G4<=40,5))))) -> 2 | K4: =IF(H4<=50000,1,IF(H4<=100000,2,IF(H4<=150000,3,IF(H4<=200000,4,IF(H4<=250000,5))))) -> 1 | L4: =AVERAGE(J4,K4) -> 1.5 | M4: =IF(AND(I4>=3,L4>=3),"Campeões",IF(AND(I4>=3,L4<3),"Promissores", IF(AND(I4=2,L4>=3),"Leais","Inativos"))) -> Promissores | N4: Campeões | O4: =COUNTIF(M:M,"Campeões") -> 11
A5: US-2016-150861 | B5: 42707 | C5: AA-10645 | D5: 1700.58 | E5: 43044 | F5: ="31/12/2017"-E5 -> 56 | G5: 18 | H5: 17377.56 | I5: =IF(F5<=90, 5,IF(F5<=180, 4,IF(F5<=270, 3,IF(F5<=365, 2, 1)))) -> 5 | J5: =IF(G5<=8,1, IF(G5<=16,2,IF(G5<=24,3,IF(G5<=32,4,IF(G5<=40,5))))) -> 3 | K5: =IF(H5<=50000,1,IF(H5<=100000,2,IF(H5<=150000,3,IF(H5<=200000,4,IF(H5<=250000,5))))) -> 1 | L5: =AVERAGE(J5,K5) -> 2 | M5: =IF(AND(I5>=3,L5>=3),"Campeões",IF(AND(I5>=3,L5<3),"Promissores", IF(AND(I5=2,L5>=3),"Leais","Inativos"))) -> Promissores
A6: CA-2016-140928 | B6: 42631 | C6: AB-10015 | D6: 487.12 | E6: 42684 | F6: ="31/12/2017"-E6 -> 416 | G6: 6 | H6: 1438.18 | I6: =IF(F6<=90, 5,IF(F6<=180, 4,IF(F6<=270, 3,IF(F6<=365, 2, 1)))) -> 1 | J6: =IF(G6<=8,1, IF(G6<=16,2,IF(G6<=24,3,IF(G6<=32,4,IF(G6<=40,5))))) -> 1 | K6: =IF(H6<=50000,1,IF(H6<=100000,2,IF(H6<=150000,3,IF(H6<=200000,4,IF(H6<=250000,5))))) -> 1 | L6: =AVERAGE(J6,K6) -> 1 | M6: =IF(AND(I6>=3,L6>=3),"Campeões",IF(AND(I6>=3,L6<3),"Promissores", IF(AND(I6=2,L6>=3),"Leais","Inativos"))) -> Inativos
A7: CA-2017-155376 | B7: 43091 | C7: AB-10060 | D7: 6.79 | E7: 43045 | F7: ="31/12/2017"-E7 -> 55 | G7: 18 | H7: 51109.88 | I7: =IF(F7<=90, 5,IF(F7<=180, 4,IF(F7<=270, 3,IF(F7<=365, 2, 1)))) -> 5 | J7: =IF(G7<=8,1, IF(G7<=16,2,IF(G7<=24,3,IF(G7<=32,4,IF(G7<=40,5))))) -> 3 | K7: =IF(H7<=50000,1,IF(H7<=100000,2,IF(H7<=150000,3,IF(H7<=200000,4,IF(H7<=250000,5))))) -> 2 | L7: =AVERAGE(J7,K7) -> 2.5 | M7: =IF(AND(I7>=3,L7>=3),"Campeões",IF(AND(I7>=3,L7<3),"Promissores", IF(AND(I7=2,L7>=3),"Leais","Inativos"))) -> Promissores
A8: CA-2016-100153 | B8: 42717 | C8: AB-10105 | D8: 3931.65 | E8: 43058 | F8: ="31/12/2017"-E8 -> 42 | G8: 20 | H8: 28987.88 | I8: =IF(F8<=90, 5,IF(F8<=180, 4,IF(F8<=270, 3,IF(F8<=365, 2, 1)))) -> 5 | J8: =IF(G8<=8,1, IF(G8<=16,2,IF(G8<=24,3,IF(G8<=32,4,IF(G8<=40,5))))) -> 3 | K8: =IF(H8<=50000,1,IF(H8<=100000,2,IF(H8<=150000,3,IF(H8<=200000,4,IF(H8<=250000,5))))) -> 1 | L8: =AVERAGE(J8,K8) -> 2 | M8: =IF(AND(I8>=3,L8>=3),"Campeões",IF(AND(I8>=3,L8<3),"Promissores", IF(AND(I8=2,L8>=3),"Leais","Inativos"))) -> Promissores
A9: CA-2014-113362 | B9: 41896 | C9: AB-10150 | D9: 91.96 | E9: 43058 | F9: ="31/12/2017"-E9 -> 42 | G9: 12 | H9: 2801.63 | I9: =IF(F9<=90, 5,IF(F9<=180, 4,IF(F9<=270, 3,IF(F9<=365, 2, 1)))) -> 5 | J9: =IF(G9<=8,1, IF(G9<=16,2,IF(G9<=24,3,IF(G9<=32,4,IF(G9<=40,5))))) -> 2 | K9: =IF(H9<=50000,1,IF(H9<=100000,2,IF(H9<=150000,3,IF(H9<=200000,4,IF(H9<=250000,5))))) -> 1 | L9: =AVERAGE(J9,K9) -> 1.5 | M9: =IF(AND(I9>=3,L9>=3),"Campeões",IF(AND(I9>=3,L9<3),"Promissores", IF(AND(I9=2,L9>=3),"Leais","Inativos"))) -> Promissores
A10: US-2017-145366 | B10: 43078 | C10: AB-10165 | D10: 166.24 | E10: 43074 | F10: ="31/12/2017"-E10 -> 26 | G10: 14 | H10: 3976.63 | I10: =IF(F10<=90, 5,IF(F10<=180, 4,IF(F10<=270, 3,IF(F10<=365, 2, 1)))) -> 5 | J10: =IF(G10<=8,1, IF(G10<=16,2,IF(G10<=24,3,IF(G10<=32,4,IF(G10<=40,5))))) -> 2 | K10: =IF(H10<=50000,1,IF(H10<=100000,2,IF(H10<=150000,3,IF(H10<=200000,4,IF(H10<=250000,5))))) -> 1 | L10: =AVERAGE(J10,K10) -> 1.5 | M10: =IF(AND(I10>=3,L10>=3),"Campeões",IF(AND(I10>=3,L10<3),"Promissores", IF(AND(I10=2,L10>=3),"Leais","Inativos"))) -> Promissores
A11: CA-2016-147375 | B11: 42533 | C11: AB-10255 | D11: 2.97 | E11: 42933 | F11: ="31/12/2017"-E11 -> 167 | G11: 14 | H11: 5836.02 | I11: =IF(F11<=90, 5,IF(F11<=180, 4,IF(F11<=270, 3,IF(F11<=365, 2, 1)))) -> 4 | J11: =IF(G11<=8,1, IF(G11<=16,2,IF(G11<=24,3,IF(G11<=32,4,IF(G11<=40,5))))) -> 2 | K11: =IF(H11<=50000,1,IF(H11<=100000,2,IF(H11<=150000,3,IF(H11<=200000,4,IF(H11<=250000,5))))) -> 1 | L11: =AVERAGE(J11,K11) -> 1.5 | M11: =IF(AND(I11>=3,L11>=3),"Campeões",IF(AND(I11>=3,L11<3),"Promissores", IF(AND(I11=2,L11>=3),"Leais","Inativos"))) -> Promissores
A12: CA-2016-166674 | B12: 42461 | C12: AB-10600 | D12: 383.88 | E12: 43049 | F12: ="31/12/2017"-E12 -> 51 | G12: 8 | H12: 14945.14 | I12: =IF(F12<=90, 5,IF(F12<=180, 4,IF(F12<=270, 3,IF(F12<=365, 2, 1)))) -> 5 | J12: =IF(G12<=8,1, IF(G12<=16,2,IF(G12<=24,3,IF(G12<=32,4,IF(G12<=40,5))))) -> 1 | K12: =IF(H12<=50000,1,IF(H12<=100000,2,IF(H12<=150000,3,IF(H12<=200000,4,IF(H12<=250000,5))))) -> 1 | L12: =AVERAGE(J12,K12) -> 1 | M12: =IF(AND(I12>=3,L12>=3),"Campeões",IF(AND(I12>=3,L12<3),"Promissores", IF(AND(I12=2,L12>=3),"Leais","Inativos"))) -> Promissores
A13: CA-2017-106180 | B13: 42996 | C13: AC-10420 | D13: 77.12 | E13: 42867 | F13: ="31/12/2017"-E13 -> 233 | G13: 5 | H13: 7798.56 | I13: =IF(F13<=90, 5,IF(F13<=180, 4,IF(F13<=270, 3,IF(F13<=365, 2, 1)))) -> 3 | J13: =IF(G13<=8,1, IF(G13<=16,2,IF(G13<=24,3,IF(G13<=32,4,IF(G13<=40,5))))) -> 1 | K13: =IF(H13<=50000,1,IF(H13<=100000,2,IF(H13<=150000,3,IF(H13<=200000,4,IF(H13<=250000,5))))) -> 1 | L13: =AVERAGE(J13,K13) -> 1 | M13: =IF(AND(I13>=3,L13>=3),"Campeões",IF(AND(I13>=3,L13<3),"Promissores", IF(AND(I13=2,L13>=3),"Leais","Inativos"))) -> Promissores
A14: CA-2015-113173 | B14: 42323 | C14: AC-10450 | D14: 1793.98 | E14: 43088 | F14: ="31/12/2017"-E14 -> 12 | G14: 9 | H14: 12851.92 | I14: =IF(F14<=90, 5,IF(F14<=180, 4,IF(F14<=270, 3,IF(F14<=365, 2, 1)))) -> 5 | J14: =IF(G14<=8,1, IF(G14<=16,2,IF(G14<=24,3,IF(G14<=32,4,IF(G14<=40,5))))) -> 2 | K14: =IF(H14<=50000,1,IF(H14<=100000,2,IF(H14<=150000,3,IF(H14<=200000,4,IF(H14<=250000,5))))) -> 1 | L14: =AVERAGE(J14,K14) -> 1.5 | M14: =IF(AND(I14>=3,L14>=3),"Campeões",IF(AND(I14>=3,L14<3),"Promissores", IF(AND(I14=2,L14>=3),"Leais","Inativos"))) -> Promissores
A15: CA-2016-113243 | B15: 42531 | C15: AC-10615 | D15: 2.31 | E15: 43093 | F15: ="31/12/2017"-E15 -> 7 | G15: 18 | H15: 6278.5 | I15: =IF(F15<=90, 5,IF(F15<=180, 4,IF(F15<=270, 3,IF(F15<=365, 2, 1)))) -> 5 | J15: =IF(G15<=8,1, IF(G15<=16,2,IF(G15<=24,3,IF(G15<=32,4,IF(G15<=40,5))))) -> 3 | K15: =IF(H15<=50000,1,IF(H15<=100000,2,IF(H15<=150000,3,IF(H15<=200000,4,IF(H15<=250000,5))))) -> 1 | L15: =AVERAGE(J15,K15) -> 2 | M15: =IF(AND(I15>=3,L15>=3),"Campeões",IF(AND(I15>=3,L15<3),"Promissores", IF(AND(I15=2,L15>=3),"Leais","Inativos"))) -> Promissores
A16: CA-2016-123666 | B16: 42455 | C16: AC-10660 | D16: 1437.28 | E16: 42817 | F16: ="31/12/2017"-E16 -> 283 | G16: 6 | H16: 6250.24 | I16: =IF(F16<=90, 5,IF(F16<=180, 4,IF(F16<=270, 3,IF(F16<=365, 2, 1)))) -> 2 | J16: =IF(G16<=8,1, IF(G16<=16,2,IF(G16<=24,3,IF(G16<=32,4,IF(G16<=40,5))))) -> 1 | K16: =IF(H16<=50000,1,IF(H16<=100000,2,IF(H16<=150000,3,IF(H16<=200000,4,IF(H16<=250000,5))))) -> 1 | L16: =AVERAGE(J16,K16) -> 1 | M16: =IF(AND(I16>=3,L16>=3),"Campeões",IF(AND(I16>=3,L16<3),"Promissores", IF(AND(I16=2,L16>=3),"Leais","Inativos"))) -> Inativos
... A794: US-2017-100930 | B794: 42832 | C794: ZC-21910 | D794: 847.84 | E794: 43045 | F794: ="31/12/2017"-E794 -> 55 | G794: 31 | H794: 33830.39 | I794: =IF(F794<=90, 5,IF(F794<=180, 4,IF(F794<=270, 3,IF(F794<=365, 2, 1)))) -> 5 | J794: =IF(G794<=8,1, IF(G794<=16,2,IF(G794<=24,3,IF(G794<=32,4,IF(G794<=40,5))))) -> 4 | K794: =IF(H794<=50000,1,IF(H794<=100000,2,IF(H794<=150000,3,IF(H794<=200000,4,IF(H794<=250000,5))))) -> 1 | L794: =AVERAGE(J794,K794) -> 2.5 | M794: =IF(AND(I794>=3,L794>=3),"Campeões",IF(AND(I794>=3,L794<3),"Promissores", IF(AND(I794=2,L794>=3),"Leais","Inativos"))) -> Promissores
A795: CA-2014-115812 | B795: 41799 | C795: ZD-21925 | D795: 8.56 | E795: 42897 | F795: ="31/12/2017"-E795 -> 203 | G795: 9 | H795: 1637.8 | I795: =IF(F795<=90, 5,IF(F795<=180, 4,IF(F795<=270, 3,IF(F795<=365, 2, 1)))) -> 3 | J795: =IF(G795<=8,1, IF(G795<=16,2,IF(G795<=24,3,IF(G795<=32,4,IF(G795<=40,5))))) -> 2 | K795: =IF(H795<=50000,1,IF(H795<=100000,2,IF(H795<=150000,3,IF(H795<=200000,4,IF(H795<=250000,5))))) -> 1 | L795: =AVERAGE(J795,K795) -> 1.5 | M795: Promissores
A796: CA-2014-156433 | B796: 41902
A797: CA-2014-156433 | B797: 41902
A798: CA-2017-151428 | B798: 42999
A799: CA-2015-124653 | B799: 42362
A800: CA-2015-124653 | B800: 42362
A801: CA-2015-124653 | B801: 42362
A802: CA-2015-101910 | B802: 42335
A803: CA-2017-105809 | B803: 42786
A804: CA-2017-105809 | B804: 42786
A805: CA-2016-136133 | B805: 42600
A806: CA-2016-115504 | B806: 42441
A807: CA-2017-135783 | B807: 42847
... A9995: CA-2017-121258 | B9995: 42792

Sheet ANÁLISE POR REGIÃO
I1: Estado | J1: Compras
A2: Order ID | B2: Sales | C2: Sales2 | D2: State | E2: City | I2: Alabama | J2: 15704.99
A3: CA-2016-152156 | B3: 26196 | C3: =(B3/100) -> 261.96 | D3: =VLOOKUP(orders__4[[#This Row],[Order ID]],location[#All],4,FALSE) -> Kentucky | E3: =VLOOKUP(orders__4[[#This Row],[Order ID]],location[#All],3,FALSE) -> Henderson | G3: Rótulos de Linha | H3: Soma de Sales2 | I3: Arizona | J3: 237522.18
A4: CA-2016-152156 | B4: 73194 | C4: =(B4/100) -> 731.94 | D4: =VLOOKUP(orders__4[[#This Row],[Order ID]],location[#All],4,FALSE) -> Kentucky | E4: =VLOOKUP(orders__4[[#This Row],[Order ID]],location[#All],3,FALSE) -> Henderson | G4: Alabama | H4: 15704.99 | I4: Arkansas | J4: 11086.38
A5: CA-2016-138688 | B5: 1462 | C5: =(B5/100) -> 14.62 | D5: =VLOOKUP(orders__4[[#This Row],[Order ID]],location[#All],4,FALSE) -> California | E5: =VLOOKUP(orders__4[[#This Row],[Order ID]],location[#All],3,FALSE) -> Los Angeles | G5: Arizona | H5: 237522.18 | I5: California | J5: 2472275.2
A6: US-2015-108966 | B6: 9575775 | C6: =(B6/100) -> 95757.75 | D6: =VLOOKUP(orders__4[[#This Row],[Order ID]],location[#All],4,FALSE) -> Florida | E6: =VLOOKUP(orders__4[[#This Row],[Order ID]],location[#All],3,FALSE) -> Fort Lauderdale | G6: Arkansas | H6: 11086.38 | I6: Colorado | J6: 255019.47
A7: US-2015-108966 | B7: 22368 | C7: =(B7/100) -> 223.68 | D7: =VLOOKUP(orders__4[[#This Row],[Order ID]],location[#All],4,FALSE) -> Florida | E7: =VLOOKUP(orders__4[[#This Row],[Order ID]],location[#All],3,FALSE) -> Fort Lauderdale | G7: California | H7: 2472275.2 | I7: Connecticut | J7: 14396.65
A8: CA-2014-115812 | B8: 4886 | C8: =(B8/100) -> 48.86 | D8: =VLOOKUP(orders__4[[#This Row],[Order ID]],location[#All],4,FALSE) -> California | E8: =VLOOKUP(orders__4[[#This Row],[Order ID]],location[#All],3,FALSE) -> Los Angeles | G8: Colorado | H8: 255019.47 | I8: Delaware | J8: 30697.27
A9: CA-2014-115812 | B9: 728 | C9: =(B9/100) -> 7.28 | D9: =VLOOKUP(orders__4[[#This Row],[Order ID]],location[#All],4,FALSE) -> California | E9: =VLOOKUP(orders__4[[#This Row],[Order ID]],location[#All],3,FALSE) -> Los Angeles | G9: Connecticut | H9: 14396.65 | I9: District of Columbia | J9: 2853.59
A10: CA-2014-115812 | B10: 907152 | C10: =(B10/100) -> 9071.52 | D10: =VLOOKUP(orders__4[[#This Row],[Order ID]],location[#All],4,FALSE) -> California | E10: =VLOOKUP(orders__4[[#This Row],[Order ID]],location[#All],3,FALSE) -> Los Angeles | G10: Delaware | H10: 30697.27 | I10: Florida | J10: 729674.29
A11: CA-2014-115812 | B11: 18504 | C11: =(B11/100) -> 185.04 | D11: =VLOOKUP(orders__4[[#This Row],[Order ID]],location[#All],4,FALSE) -> California | E11: =VLOOKUP(orders__4[[#This Row],[Order ID]],location[#All],3,FALSE) -> Los Angeles | G11: District of Columbia | H11: 2853.59 | I11: Georgia | J11: 44478.03
A12: CA-2014-115812 | B12: 1149 | C12: =(B12/100) -> 11.49 | D12: =VLOOKUP(orders__4[[#This Row],[Order ID]],location[#All],4,FALSE) -> California | E12: =VLOOKUP(orders__4[[#This Row],[Order ID]],location[#All],3,FALSE) -> Los Angeles | G12: Florida | H12: 729674.29 | I12: Idaho | J12: 14615.45
A13: CA-2014-115812 | B13: 1706184 | C13: =(B13/100) -> 17061.84 | D13: =VLOOKUP(orders__4[[#This Row],[Order ID]],location[#All],4,FALSE) -> California | E13: =VLOOKUP(orders__4[[#This Row],[Order ID]],location[#All],3,FALSE) -> Los Angeles | G13: Georgia | H13: 44478.03 | I13: Illinois | J13: 609836.99
A14: CA-2014-115812 | B14: 911424 | C14: =(B14/100) -> 9114.24 | D14: =VLOOKUP(orders__4[[#This Row],[Order ID]],location[#All],4,FALSE) -> California | E14: =VLOOKUP(orders__4[[#This Row],[Order ID]],location[#All],3,FALSE) -> Los Angeles | G14: Idaho | H14: 14615.45 | I14: Indiana | J14: 44758.4
A15: CA-2017-114412 | B15: 15552 | C15: =(B15/100) -> 155.52 | D15: =VLOOKUP(orders__4[[#This Row],[Order ID]],location[#All],4,FALSE) -> North Carolina | E15: =VLOOKUP(orders__4[[#This Row],[Order ID]],location[#All],3,FALSE) -> Concord | G15: Illinois | H15: 609836.99 | I15: Iowa | J15: 2811.17
... A50: CA-2016-169194 | B50: 450 | C50: =(B50/100) -> 4.5 | D50: =VLOOKUP(orders__4[[#This Row],[Order ID]],location[#All],4,FALSE) -> Delaware | E50: =VLOOKUP(orders__4[[#This Row],[Order ID]],location[#All],3,FALSE) -> Dover | G50: West Virginia | H50: 7195.76 | I50: Wyoming | J50: 16031.36
A51: CA-2016-169194 | B51: 218 | C51: =(B51/100) -> 2.18 | D51: =VLOOKUP(orders__4[[#This Row],[Order ID]],location[#All],4,FALSE) -> Delaware | E51: =VLOOKUP(orders__4[[#This Row],[Order ID]],location[#All],3,FALSE) -> Dover | G51: Wisconsin | H51: 28418.58
A52: CA-2015-115742 | B52: 3822 | C52: =(B52/100) -> 38.22 | D52: =VLOOKUP(orders__4[[#This Row],[Order ID]],location[#All],4,FALSE) -> Indiana | E52: =VLOOKUP(orders__4[[#This Row],[Order ID]],location[#All],3,FALSE) -> New Albany | G52: Wyoming | H52: 16031.36
A53: CA-2015-115742 | B53: 7518 | C53: =(B53/100) -> 75.18 | D53: =VLOOKUP(orders__4[[#This Row],[Order ID]],location[#All],4,FALSE) -> Indiana | E53: =VLOOKUP(orders__4[[#This Row],[Order ID]],location[#All],3,FALSE) -> New Albany | G53: Total Geral | H53: 11318404
A54: CA-2015-115742 | B54: 616 | C54: =(B54/100) -> 6.16 | D54: =VLOOKUP(orders__4[[#This Row],[Order ID]],location[#All],4,FALSE) -> Indiana | E54: =VLOOKUP(orders__4[[#This Row],[Order ID]],location[#All],3,FALSE) -> New Albany
A55: CA-2015-115742 | B55: 8999 | C55: =(B55/100) -> 89.99 | D55: =VLOOKUP(orders__4[[#This Row],[Order ID]],location[#All],4,FALSE) -> Indiana | E55: =VLOOKUP(orders__4[[#This Row],[Order ID]],location[#All],3,FALSE) -> New Albany
A56: CA-2016-105816 | B56: 1526 | C56: =(B56/100) -> 15.26 | D56: =VLOOKUP(orders__4[[#This Row],[Order ID]],location[#All],4,FALSE) -> New York | E56: =VLOOKUP(orders__4[[#This Row],[Order ID]],location[#All],3,FALSE) -> New York City
A57: CA-2016-105816 | B57: 102995 | C57: =(B57/100) -> 1029.95 | D57: =VLOOKUP(orders__4[[#This Row],[Order ID]],location[#All],4,FALSE) -> New York | E57: =VLOOKUP(orders__4[[#This Row],[Order ID]],location[#All],3,FALSE) -> New York City
A58: CA-2016-111682 | B58: 20856 | C58: =(B58/100) -> 208.56 | D58: =VLOOKUP(orders__4[[#This Row],[Order ID]],location[#All],4,FALSE) -> New York | E58: =VLOOKUP(orders__4[[#This Row],[Order ID]],location[#All],3,FALSE) -> Troy
A59: CA-2016-111682 | B59: 324 | C59: =(B59/100) -> 3.24 | D59: =VLOOKUP(orders__4[[#This Row],[Order ID]],location[#All],4,FALSE) -> New York | E59: =VLOOKUP(orders__4[[#This Row],[Order ID]],location[#All],3,FALSE) -> Troy
A60: CA-2016-111682 | B60: 31941 | C60: =(B60/100) -> 319.41 | D60: =VLOOKUP(orders__4[[#This Row],[Order ID]],location[#All],4,FALSE) -> New York | E60: =VLOOKUP(orders__4[[#This Row],[Order ID]],location[#All],3,FALSE) -> Troy
A61: CA-2016-111682 | B61: 1456 | C61: =(B61/100) -> 14.56 | D61: =VLOOKUP(orders__4[[#This Row],[Order ID]],location[#All],4,FALSE) -> New York | E61: =VLOOKUP(orders__4[[#This Row],[Order ID]],location[#All],3,FALSE) -> Troy
A62: CA-2016-111682 | B62: 300 | C62: =(B62/100) -> 3 | D62: =VLOOKUP(orders__4[[#This Row],[Order ID]],location[#All],4,FALSE) -> New York | E62: =VLOOKUP(orders__4[[#This Row],[Order ID]],location[#All],3,FALSE) -> Troy
A63: CA-2016-111682 | B63: 4848 | C63: =(B63/100) -> 48.48 | D63: =VLOOKUP(orders__4[[#This Row],[Order ID]],location[#All],4,FALSE) -> New York | E63: =VLOOKUP(orders__4[[#This Row],[Order ID]],location[#All],3,FALSE) -> Troy
A64: CA-2016-111682 | B64: 168 | C64: =(B64/100) -> 1.68 | D64: =VLOOKUP(orders__4[[#This Row],[Order ID]],location[#All],4,FALSE) -> New York | E64: =VLOOKUP(orders__4[[#This Row],[Order ID]],location[#All],3,FALSE) -> Troy
A65: CA-2015-135545 | B65: 1398 | C65: =(B65/100) -> 13.98 | D65: =VLOOKUP(orders__4[[#This Row],[Order ID]],location[#All],4,FALSE) -> California | E65: =VLOOKUP(orders__4[[#This Row],[Order ID]],location[#All],3,FALSE) -> Los Angeles
... A9996: CA-2017-119914 | B9996: 24316 | C9996: =(B9996/100) -> 243.16 | D9996: =VLOOKUP(orders__4[[#This Row],[Order ID]],location[#All],4,FALSE) -> California | E9996: =VLOOKUP(orders__4[[#This Row],[Order ID]],location[#All],3,FALSE) -> Westminster

Sheet Planilha1
A1: Rótulos de Linha | B1: Mín. de Order Date
A2: AA-10315 | B2: 41729
A3: AA-10375 | B3: 41750
A4: AA-10480 | B4: 41763
A5: AA-10645 | B5: 41812
A6: AB-10015 | B6: 41688
A7: AB-10060 | B7: 42265
A8: AB-10105 | B8: 41993
A9: AB-10150 | B9: 41703
A10: AB-10165 | B10: 41959
A11: AB-10255 | B11: 41842
A12: AB-10600 | B12: 41961
A13: AC-10420 | B13: 41832
... A795: Total Geral | B795: 41642
